{
  "(0, 0, 0, 0, 2, 0, 0)": [
    93.14195676188588,
    80.16456922021683,
    83.72010489784314
  ],
  "(1, 0, 0, 0, 2, 0, 0)": [
    120.71117116076034,
    93.20194612470948,
    71.13262596549684
  ],
  "(1, 0, 0, 0, 1, 0, 0)": [
    106.83186633244586,
    67.4915336865902,
    73.51360539706428
  ],
  "(2, 0, 0, 0, 0, 0, 0)": [
    64.41983133356133,
    61.279234546107375,
    69.9041775351265
  ],
  "(2, 0, 0, 0, 0, 0, 1)": [
    91.616585425182,
    89.90500688509344,
    91.11063573408349
  ],
  "(2, 2, 0, 0, 0, 0, 1)": [
    0.0,
    81.3883523232373,
    102.34828687802506
  ],
  "(2, 0, 0, 0, 1, 0, 0)": [
    110.92542023611898,
    65.94775883817424,
    77.8228104310304
  ],
  "(2, 2, 0, 0, 0, 0, 0)": [
    0.0,
    48.347363645318715,
    63.83894382348755
  ],
  "(0, 0, 0, 0, 0, 0, 0)": [
    78.04993996454098,
    69.92765275488037,
    64.64609912664406
  ],
  "(0, 0, 0, 0, 0, 0, 1)": [
    102.62647968611448,
    93.04480211883381,
    93.4479691130481
  ],
  "(0, 0, 0, 0, 2, 1, 0)": [
    124.86542406591481,
    96.72615731738578,
    97.93629029913495
  ],
  "(0, 0, 0, 2, 2, 1, 0)": [
    0.0,
    118.05159391560325,
    70.69905705806616
  ],
  "(0, 0, 0, 2, 2, 0, 0)": [
    0.0,
    83.37840008163535,
    55.367971757260534
  ],
  "(0, 0, 0, 2, 3, 0, 0)": [
    0.0,
    73.84275137727242,
    39.34341174353719
  ],
  "(0, 0, 2, 2, 3, 0, 0)": [
    0.0,
    39.7255770963485,
    -40.696097068889756
  ],
  "(0, 0, 2, 3, 3, 0, 0)": [
    0.0,
    6.03996653635839,
    -36.0
  ],
  "(0, 0, 0, 0, 3, 0, 0)": [
    58.72515364398022,
    65.05303908110706,
    49.07483138389566
  ],
  "(0, 0, 0, 0, 1, 1, 0)": [
    130.60609251894633,
    110.73007935841188,
    100.56901101348645
  ],
  "(2, 2, 2, 0, 0, 0, 1)": [
    0.0,
    22.699356474035394,
    17.311369651679634
  ],
  "(2, 2, 2, 0, 0, 0, 0)": [
    0.0,
    28.453742934603707,
    22.271012884166307
  ],
  "(2, 2, 2, 2, 0, 0, 0)": [
    0.0,
    4.621965635590742,
    21.042335990026068
  ],
  "(1, 2, 2, 2, 2, 0, 0)": [
    0.0,
    18.374018098478214,
    12.45004813029415
  ],
  "(0, 2, 2, 2, 2, 0, 0)": [
    0.0,
    19.31368299858385,
    17.926730548759174
  ],
  "(0, 0, 2, 2, 2, 0, 0)": [
    0.0,
    30.258383540071815,
    19.38309480736582
  ],
  "(0, 0, 2, 2, 2, 1, 0)": [
    0.0,
    25.707694551922753,
    28.616594396852456
  ],
  "(0, 2, 2, 2, 2, 1, 0)": [
    0.0,
    68.24672382631194,
    33.12212792641947
  ],
  "(1, 0, 0, 0, 0, 0, 0)": [
    64.30539566756094,
    64.94076505755284,
    70.24543340372064
  ],
  "(0, 0, 0, 0, 0, 1, 0)": [
    137.41059042361027,
    110.47345083242078,
    111.43628751689694
  ],
  "(1, 0, 0, 0, 0, 0, 1)": [
    118.92621659136968,
    96.52233996675031,
    107.1480117385024
  ],
  "(2, 0, 0, 2, 0, 0, 1)": [
    0.0,
    12.45225789775179,
    69.12002871510312
  ],
  "(1, 0, 0, 2, 0, 0, 1)": [
    0.0,
    12.168107930369668,
    73.06202807930421
  ],
  "(0, 0, 2, 0, 0, 0, 1)": [
    0.0,
    38.54563445424332,
    31.82957946604082
  ],
  "(0, 0, 2, 0, 0, 0, 0)": [
    -3.0,
    19.22256901995514,
    28.129992555454983
  ],
  "(1, 0, 2, 0, 0, 0, 0)": [
    -3.0,
    18.647637164527545,
    17.58923638945983
  ],
  "(0, 0, 2, 0, 2, 0, 0)": [
    0.0,
    30.328948495612515,
    22.091581565172802
  ],
  "(0, 0, 2, 0, 0, 1, 0)": [
    0.0,
    30.798121048455997,
    38.646454056730164
  ],
  "(2, 0, 0, 2, 0, 0, 0)": [
    0.0,
    16.666130684482063,
    25.853327191631454
  ],
  "(1, 0, 2, 0, 0, 0, 1)": [
    0.0,
    45.394674711029694,
    10.538672360847873
  ],
  "(0, 2, 0, 0, 2, 0, 0)": [
    0.0,
    22.48775238254746,
    16.17178840483655
  ],
  "(0, 2, 0, 0, 3, 1, 0)": [
    -6.0,
    10.031464245783097,
    0.0
  ],
  "(1, 2, 2, 0, 3, 0, 0)": [
    0.0,
    11.902877963344395,
    -21.998399999999997
  ],
  "(0, 0, 0, 2, 3, 1, 0)": [
    0.0,
    122.38900824032646,
    34.768404563628735
  ],
  "(0, 0, 0, 0, 1, 0, 0)": [
    87.4883841092144,
    66.38600845110972,
    63.96917886367296
  ],
  "(2, 2, 3, 2, 2, 0, 0)": [
    0.0,
    0.0,
    -20.0
  ],
  "(0, 0, 0, 2, 0, 0, 1)": [
    0.0,
    51.58142399374107,
    67.42078481347306
  ],
  "(0, 0, 2, 2, 0, 0, 1)": [
    0.0,
    42.888071638292274,
    65.47515091670012
  ],
  "(0, 0, 2, 0, 1, 0, 0)": [
    0.0,
    23.077424081605127,
    20.771035707117502
  ],
  "(0, 0, 2, 2, 0, 0, 0)": [
    0.0,
    22.717934156067074,
    22.36214182498933
  ],
  "(0, 0, 0, 2, 0, 0, 0)": [
    0.0,
    59.62704727208315,
    34.10207275905687
  ],
  "(0, 2, 2, 0, 2, 0, 0)": [
    0.0,
    21.740748291957118,
    18.729934599138815
  ],
  "(0, 2, 0, 2, 2, 0, 0)": [
    0.0,
    12.345398540610079,
    -6.840736045930922
  ],
  "(0, 0, 2, 2, 1, 0, 0)": [
    0.0,
    37.6537259681415,
    22.966633477124972
  ],
  "(1, 2, 0, 2, 2, 0, 0)": [
    0.0,
    8.983870666966132,
    7.781971764168806
  ],
  "(0, 2, 2, 0, 2, 1, 0)": [
    0.0,
    36.931792448341795,
    20.48653437477223
  ],
  "(0, 0, 2, 0, 1, 1, 0)": [
    0.0,
    18.866613353181705,
    8.000778584825312
  ],
  "(0, 0, 2, 2, 1, 1, 0)": [
    0.0,
    73.77731486237133,
    24.42056521345243
  ],
  "(0, 0, 2, 2, 0, 1, 0)": [
    0.0,
    50.42640782880767,
    14.582745778910153
  ],
  "(0, 0, 0, 2, 0, 1, 0)": [
    -5.0,
    35.391390475552015,
    11.32385173874006
  ],
  "(0, 0, 0, 2, 1, 0, 0)": [
    0.0,
    60.630034747842565,
    31.161433683277245
  ],
  "(2, 0, 0, 0, 2, 0, 0)": [
    126.57565393881416,
    85.32300816139647,
    74.03451162581058
  ],
  "(3, 0, 0, 0, 0, 0, 0)": [
    68.27980022517049,
    23.372696628687336,
    69.5442439993252
  ],
  "(3, 2, 0, 0, 0, 0, 0)": [
    0.0,
    34.37952038476693,
    68.00846902868246
  ],
  "(3, 2, 0, 0, 0, 0, 1)": [
    0.0,
    12.167205514820374,
    117.43675786970785
  ],
  "(0, 2, 2, 2, 1, 0, 0)": [
    0.0,
    20.500751209104546,
    20.7516228745258
  ],
  "(2, 2, 2, 2, 1, 0, 0)": [
    0.0,
    3.4004382707421223,
    14.016954052858216
  ],
  "(2, 2, 2, 2, 0, 0, 1)": [
    0.0,
    28.111665717419523,
    60.6391541852054
  ],
  "(0, 2, 0, 0, 0, 0, 0)": [
    0.0,
    15.064837015518057,
    54.17743798917021
  ],
  "(0, 2, 0, 0, 0, 1, 0)": [
    0.0,
    96.01440995929956,
    57.01174809747221
  ],
  "(2, 0, 2, 0, 0, 0, 0)": [
    -3.0,
    16.16957031253001,
    23.62937124100839
  ],
  "(1, 2, 2, 2, 0, 0, 0)": [
    0.0,
    14.999208635943438,
    18.415230737093207
  ],
  "(0, 2, 2, 2, 0, 0, 0)": [
    0.0,
    14.452496724459673,
    22.213768910376753
  ],
  "(0, 2, 2, 2, 0, 1, 0)": [
    0.0,
    55.997066891805616,
    19.858911777986833
  ],
  "(2, 0, 2, 2, 0, 0, 0)": [
    0.0,
    13.59826797471884,
    19.26648339906895
  ],
  "(2, 0, 2, 2, 1, 0, 0)": [
    0.0,
    8.014250268102565,
    15.157434538292605
  ],
  "(2, 0, 2, 2, 0, 0, 1)": [
    0.0,
    32.747521028596395,
    51.521215546393435
  ],
  "(0, 2, 2, 2, 0, 0, 1)": [
    0.0,
    45.94347193292342,
    86.02166717892881
  ],
  "(2, 2, 0, 2, 1, 0, 0)": [
    0.0,
    5.554067210940364,
    15.658755667087899
  ],
  "(2, 2, 0, 2, 2, 0, 0)": [
    0.0,
    9.035599575181308,
    -2.226136061312417
  ],
  "(3, 2, 2, 2, 2, 0, 0)": [
    0.0,
    -3.2,
    0.0
  ],
  "(3, 2, 2, 0, 1, 0, 0)": [
    0.0,
    -24.341861415555265,
    -8.448
  ],
  "(3, 3, 2, 0, 1, 0, 0)": [
    0.0,
    -20.0,
    -1.6056341908289113
  ],
  "(0, 2, 2, 0, 1, 0, 0)": [
    0.0,
    25.682009174224603,
    13.08065994682669
  ],
  "(1, 2, 2, 0, 2, 0, 0)": [
    0.0,
    20.139030287475165,
    12.29668636439569
  ],
  "(1, 2, 2, 0, 1, 0, 0)": [
    0.0,
    22.698833214091465,
    10.904941112304908
  ],
  "(0, 2, 2, 0, 1, 1, 0)": [
    0.0,
    56.82531181896604,
    17.734321079687312
  ],
  "(0, 0, 2, 2, 0, 1, 1)": [
    0.0,
    77.95002105375929,
    102.38556487806324
  ],
  "(0, 0, 0, 0, 3, 1, 0)": [
    81.58737151537544,
    131.0236497816837,
    47.26847880052999
  ],
  "(1, 2, 0, 0, 0, 0, 0)": [
    0.0,
    32.42783286027548,
    54.051130374254576
  ],